date,activity_id,correct_owner_id
8/24/2016,190391,59
8/24/2016,190394,59
8/24/2016,190395,59
8/24/2016,190396,59
8/24/2016,190397,59
8/24/2016,190398,59
8/24/2016,190399,59
8/24/2016,190400,59
8/24/2016,190401,59
8/24/2016,190402,59
8/24/2016,190404,59
8/24/2016,190407,59
8/24/2016,190408,59
8/24/2016,190410,59
8/24/2016,190411,59
8/24/2016,190412,59
8/24/2016,190413,59
8/24/2016,190414,59
8/23/2016,189712,59
8/23/2016,189713,59
8/23/2016,189714,59
8/23/2016,189715,59
8/23/2016,189716,59
8/23/2016,189717,59
8/23/2016,189718,59
8/23/2016,189719,59
8/23/2016,189720,59
8/23/2016,189721,59
8/23/2016,189722,59
8/23/2016,189723,59
8/23/2016,189724,59
8/23/2016,189725,59
8/23/2016,189984,59
8/23/2016,189985,59
8/23/2016,189986,59
8/23/2016,189987,59
8/23/2016,190070,59
8/23/2016,190071,59
8/23/2016,190072,59
8/23/2016,190073,59
8/23/2016,190074,59
8/23/2016,190075,59
8/23/2016,190076,59
8/23/2016,190077,59
8/23/2016,190078,59
8/23/2016,190079,59
8/23/2016,190080,59
8/23/2016,190084,59
8/23/2016,190085,59
8/23/2016,190088,59
8/23/2016,190090,59
8/22/2016,189210,59
8/22/2016,189211,59
8/22/2016,189212,59
8/22/2016,189213,59
8/22/2016,189214,59
8/22/2016,189215,59
8/22/2016,189216,59
8/22/2016,189217,59
8/22/2016,189218,59
8/22/2016,189219,59
8/22/2016,189220,59
8/22/2016,189221,59
8/22/2016,189222,59
8/22/2016,189223,59
8/22/2016,189224,59
8/22/2016,189226,59
8/22/2016,189227,59
8/22/2016,189422,59
8/22/2016,189423,59
8/22/2016,189424,59
8/22/2016,189425,59
8/22/2016,189426,59
8/22/2016,189427,59
8/22/2016,189428,59
8/22/2016,189429,59
8/22/2016,189430,59
8/22/2016,189432,59
8/22/2016,189433,59
8/22/2016,189434,59
8/22/2016,189435,59
8/22/2016,189436,59
8/19/2016,188454,59
8/19/2016,188455,59
8/19/2016,188456,59
8/19/2016,188458,59
8/19/2016,188462,59
8/19/2016,188468,59
8/19/2016,188470,59
8/19/2016,188472,59
8/19/2016,188473,59
8/19/2016,188474,59
8/19/2016,188475,59
8/19/2016,188757,59
8/19/2016,188758,59
8/19/2016,188759,59
8/19/2016,188760,59
8/19/2016,188761,59
8/19/2016,188762,59
8/19/2016,188763,59
8/19/2016,188764,59
8/19/2016,188765,59
8/19/2016,188766,59
8/19/2016,188767,59
8/19/2016,188768,59
8/19/2016,188769,59
8/19/2016,188770,59
8/19/2016,188771,59
8/19/2016,188772,59
8/19/2016,188773,59
8/18/2016,187982,59
8/18/2016,187983,59
8/18/2016,187984,59
8/18/2016,187985,59
8/18/2016,187986,59
8/18/2016,187987,59
8/18/2016,187988,59
8/18/2016,187989,59
8/18/2016,187990,59
8/18/2016,187991,59
8/18/2016,187992,59
8/18/2016,187993,59
8/18/2016,187995,59
8/18/2016,187997,59
8/18/2016,187998,59
8/18/2016,187999,59
8/18/2016,188000,59
8/18/2016,188134,59
8/18/2016,188135,59
8/18/2016,188137,59
8/18/2016,188138,59
8/18/2016,188139,59
8/18/2016,188140,59
8/18/2016,188142,59
8/18/2016,188143,59
8/18/2016,188144,59
8/18/2016,188145,59
8/18/2016,188146,59
8/18/2016,188147,59
8/18/2016,188148,59
8/18/2016,188150,59
8/18/2016,188151,59
8/18/2016,188152,59
8/18/2016,188241,59
8/18/2016,188242,59
8/18/2016,188243,59
8/18/2016,188244,59
8/18/2016,188245,59
8/18/2016,188246,59
8/18/2016,188247,59
8/18/2016,188248,59
8/18/2016,188249,59
8/18/2016,188250,59
8/17/2016,187513,59
8/17/2016,187514,59
8/17/2016,187515,59
8/17/2016,187516,59
8/17/2016,187517,59
8/17/2016,187518,59
8/17/2016,187519,59
8/17/2016,187520,59
8/17/2016,187521,59
8/17/2016,187522,59
8/17/2016,187523,59
8/17/2016,187524,59
8/17/2016,187525,59
8/17/2016,187526,59
8/17/2016,187527,59
8/17/2016,187528,59
8/17/2016,187529,59
8/17/2016,187530,59
8/17/2016,187531,59
8/17/2016,187532,59
8/17/2016,187533,59
8/17/2016,187534,59
8/17/2016,187535,59
8/17/2016,187536,59
8/17/2016,187537,59
8/17/2016,187538,59
8/17/2016,187539,59
8/17/2016,187544,59
8/17/2016,187545,59
8/17/2016,187546,59
8/17/2016,187547,59
8/17/2016,187548,59
8/17/2016,187549,59
8/17/2016,187550,59
8/17/2016,187551,59
8/17/2016,187561,59
8/17/2016,187563,59
8/17/2016,187565,59
8/17/2016,187567,59
8/17/2016,187568,59
8/16/2016,186724,59
8/16/2016,186725,59
8/16/2016,186726,59
8/16/2016,186727,59
8/16/2016,186729,59
8/16/2016,186730,59
8/16/2016,186731,59
8/16/2016,186732,59
8/16/2016,186735,59
8/16/2016,186736,59
8/16/2016,186737,59
8/16/2016,186738,59
8/16/2016,186739,59
8/16/2016,186740,59
8/16/2016,186741,59
8/16/2016,186742,59
8/16/2016,186743,59
8/16/2016,186744,59
8/16/2016,186874,59
8/16/2016,186875,59
8/16/2016,186876,59
8/16/2016,186877,59
8/16/2016,186878,59
8/16/2016,186879,59
8/16/2016,186880,59
8/16/2016,186881,59
8/16/2016,186882,59
8/16/2016,186883,59
8/16/2016,186884,59
8/16/2016,186885,59
8/16/2016,186886,59
8/16/2016,186887,59
8/16/2016,186889,59
8/16/2016,186891,59
8/16/2016,186892,59
8/16/2016,186961,59
8/16/2016,186962,59
8/16/2016,186963,59
8/16/2016,186964,59
8/16/2016,186965,59
8/16/2016,186966,59
8/16/2016,186967,59
8/16/2016,186968,59
8/16/2016,186969,59
8/16/2016,186970,59
8/15/2016,186115,59
8/15/2016,186116,59
8/15/2016,186117,59
8/15/2016,186118,59
8/15/2016,186119,59
8/15/2016,186120,59
8/15/2016,186121,59
8/15/2016,186122,59
8/15/2016,186123,59
8/15/2016,186125,59
8/15/2016,186127,59
8/15/2016,186128,59
8/15/2016,186129,59
8/15/2016,186130,59
8/15/2016,186131,59
8/15/2016,186132,59
8/15/2016,186137,59
8/15/2016,186142,59
8/15/2016,186148,59
8/15/2016,186236,59
8/15/2016,186237,59
8/15/2016,186238,59
8/15/2016,186239,59
8/15/2016,186240,59
8/15/2016,186241,59
8/15/2016,186242,59
8/15/2016,186243,59
8/15/2016,186244,59
8/15/2016,186245,59
8/15/2016,186246,59
8/12/2016,185548,59
8/12/2016,185556,59
8/12/2016,185557,59
8/12/2016,185558,59
8/12/2016,185559,59
8/12/2016,185560,59
8/12/2016,185561,59
8/12/2016,185562,59
8/12/2016,185563,59
8/12/2016,185564,59
8/12/2016,185565,59
8/12/2016,185566,59
8/12/2016,185567,59
8/12/2016,185568,59
8/12/2016,185569,59
8/12/2016,185570,59
8/12/2016,185573,59
8/12/2016,185773,59
8/12/2016,185774,59
8/12/2016,185775,59
8/12/2016,185776,59
8/12/2016,185777,59
8/12/2016,185778,59
8/12/2016,185779,59
8/12/2016,185780,59
8/12/2016,185781,59
8/12/2016,185782,59
8/12/2016,185783,59
8/12/2016,185784,59
8/12/2016,185785,59
8/12/2016,185786,59
8/12/2016,185787,59
8/12/2016,185788,59
8/12/2016,185789,59
8/11/2016,185266,59
8/11/2016,185267,59
8/11/2016,185268,59
8/11/2016,185269,59
8/11/2016,185270,59
8/11/2016,185271,59
8/11/2016,185272,59
8/11/2016,185273,59
8/11/2016,185274,59
8/11/2016,185275,59
8/11/2016,185276,59
8/11/2016,185277,59
8/11/2016,185278,59
8/11/2016,185279,59
8/11/2016,185280,59
8/11/2016,185281,59
8/11/2016,185282,59
8/11/2016,185283,59
8/11/2016,185284,59
8/11/2016,185285,59
8/11/2016,185286,59
8/11/2016,185287,59
8/11/2016,185288,59
8/11/2016,185289,59
8/10/2016,184408,59
8/10/2016,184412,59
8/10/2016,184418,59
8/10/2016,184422,59
8/10/2016,184427,59
8/10/2016,184432,59
8/10/2016,184437,59
8/10/2016,184442,59
8/10/2016,184447,59
8/10/2016,184452,59
8/10/2016,184457,59
8/10/2016,184462,59
8/10/2016,184467,59
8/10/2016,184472,59
8/10/2016,184477,59
8/10/2016,184481,59
8/10/2016,184485,59
8/10/2016,184490,59
8/10/2016,184494,59
8/10/2016,184499,59
8/10/2016,184526,59
8/10/2016,184666,59
8/10/2016,184780,59
8/10/2016,184781,59
8/10/2016,184782,59
8/10/2016,184783,59
8/10/2016,184784,59
8/10/2016,184785,59
8/10/2016,184786,59
8/10/2016,184787,59
8/10/2016,184788,59
8/10/2016,184789,59
8/10/2016,184790,59
8/10/2016,184791,59
8/10/2016,184796,59
8/9/2016,184181,59
8/9/2016,184187,59
8/9/2016,184188,59
8/9/2016,184189,59
8/9/2016,184190,59
8/9/2016,184191,59
8/9/2016,184192,59
8/9/2016,184193,59
8/9/2016,184194,59
8/9/2016,184195,59
8/9/2016,184198,59
8/9/2016,184200,59
8/9/2016,184201,59
8/9/2016,184202,59
8/9/2016,184203,59
8/9/2016,184204,59
8/9/2016,184207,59
8/9/2016,184208,59
8/9/2016,184209,59
8/9/2016,184210,59
8/9/2016,184212,59
8/8/2016,183433,59
8/5/2016,183091,59
8/5/2016,183092,59
8/5/2016,183094,59
8/5/2016,183096,59
8/5/2016,183097,59
8/5/2016,183099,59
8/5/2016,183100,59
8/5/2016,183101,59
8/5/2016,183102,59
8/5/2016,183103,59
8/5/2016,183106,59
8/5/2016,183107,59
8/5/2016,183108,59
8/5/2016,183109,59
8/5/2016,183110,59
8/5/2016,183111,59
8/5/2016,183112,59
8/5/2016,183113,59
8/5/2016,183280,59
8/5/2016,183281,59
8/5/2016,183282,59
8/5/2016,183283,59
8/5/2016,183284,59
8/5/2016,183285,59
8/5/2016,183286,59
8/5/2016,183287,59
8/5/2016,183288,59
8/5/2016,183289,59
8/5/2016,183290,59
8/5/2016,183291,59
8/5/2016,183292,59
8/5/2016,183293,59
8/5/2016,183294,59
8/5/2016,183295,59
8/5/2016,183296,59
8/5/2016,183297,59
8/5/2016,183381,59
8/5/2016,183382,59
8/5/2016,183383,59
8/5/2016,183384,59
8/5/2016,183385,59
8/5/2016,183386,59
8/5/2016,183387,59
8/5/2016,183388,59
8/5/2016,183389,59
8/5/2016,183390,59
8/5/2016,183391,59
8/5/2016,183392,59
8/4/2016,182875,107
8/4/2016,182876,107
8/4/2016,182877,107
8/4/2016,182879,107
8/3/2016,182401,59
8/3/2016,182403,59
8/3/2016,182404,59
8/3/2016,182405,59
8/3/2016,182406,59
8/3/2016,182408,59
8/3/2016,182409,59
8/3/2016,182411,59
8/3/2016,182412,59
8/3/2016,182413,59
8/3/2016,182414,59
8/3/2016,182415,59
8/3/2016,182416,59
8/3/2016,182417,59
8/3/2016,182418,59
8/3/2016,182452,59
8/3/2016,182453,59
8/3/2016,182454,59
8/3/2016,182455,59
8/3/2016,182456,59
8/3/2016,182457,59
8/3/2016,182458,59
8/3/2016,182459,59
8/3/2016,182461,59
8/3/2016,182462,59
8/3/2016,182463,59
8/2/2016,182011,59
8/2/2016,182012,59
8/2/2016,182013,59
8/2/2016,182014,59
8/2/2016,182015,59
8/2/2016,182016,59
8/2/2016,182017,59
8/2/2016,182018,59
8/2/2016,182019,59
8/2/2016,182020,59
8/2/2016,182021,59
8/2/2016,182022,59
8/2/2016,182023,59
8/2/2016,182024,59
8/2/2016,182025,59
8/2/2016,182026,59
8/2/2016,182027,59
8/2/2016,182028,59
8/2/2016,182029,59
8/2/2016,182030,59
8/2/2016,182031,59
8/2/2016,182032,59
8/2/2016,182033,59
8/2/2016,182034,59
8/2/2016,182035,59
8/2/2016,182036,59
8/2/2016,182037,59
8/2/2016,182038,59
8/2/2016,182039,59
8/2/2016,182040,59
8/2/2016,182041,59
8/2/2016,182042,59
8/1/2016,181274,59
8/1/2016,181275,59
8/1/2016,181276,59
8/1/2016,181277,59
8/1/2016,181279,59
8/1/2016,181280,59
8/1/2016,181281,59
8/1/2016,181282,59
8/1/2016,181283,59
8/1/2016,181284,59
8/1/2016,181285,59
8/1/2016,181286,59
8/1/2016,181287,59
8/1/2016,181288,59
8/1/2016,181289,59
8/1/2016,181291,59
8/1/2016,181292,59
8/1/2016,181293,59
8/1/2016,181294,59
8/1/2016,181295,59
8/1/2016,181480,59
8/1/2016,181481,59
8/1/2016,181482,59
8/1/2016,181484,59
8/1/2016,181485,59
8/1/2016,181486,59
8/1/2016,181487,59
8/1/2016,181489,59
8/1/2016,181490,59
8/1/2016,181491,59
8/1/2016,181492,59
8/1/2016,181493,59
8/1/2016,181494,59
8/1/2016,181495,59
8/1/2016,181496,59
8/1/2016,181497,59
8/1/2016,181498,59
8/1/2016,181499,59
7/29/2016,181061,59
7/29/2016,181062,59
7/29/2016,181063,59
7/29/2016,181064,59
7/29/2016,181065,59
7/29/2016,181066,59
7/29/2016,181067,59
7/29/2016,181068,59
7/29/2016,181069,59
7/29/2016,181070,59
7/29/2016,181071,59
7/29/2016,181072,59
7/29/2016,181073,59
7/29/2016,181074,59
7/29/2016,181075,59
7/29/2016,181076,59
7/28/2016,180562,59
7/28/2016,180563,59
7/28/2016,180564,59
7/28/2016,180565,59
7/28/2016,180566,59
7/28/2016,180567,59
7/28/2016,180568,59
7/28/2016,180569,59
7/28/2016,180570,59
7/28/2016,180571,59
7/28/2016,180572,59
7/28/2016,180573,59
7/28/2016,180574,59
7/28/2016,180575,59
7/28/2016,180576,59
7/28/2016,180577,59
7/28/2016,180800,59
7/28/2016,180801,59
7/28/2016,180802,59
7/28/2016,180803,59
7/28/2016,180804,59
7/28/2016,180805,59
7/28/2016,180806,59
7/28/2016,180807,59
7/28/2016,180808,59
7/28/2016,180809,59
7/28/2016,180810,59
7/28/2016,180811,59
7/28/2016,180812,59
7/28/2016,180813,59
7/28/2016,180814,59
7/28/2016,180815,59
7/28/2016,180816,59
7/27/2016,180117,59
7/27/2016,180118,59
7/27/2016,180119,59
7/27/2016,180120,59
7/27/2016,180121,59
7/27/2016,180122,59
7/27/2016,180123,59
7/27/2016,180124,59
7/27/2016,180125,59
7/27/2016,180126,59
7/27/2016,180128,59
7/27/2016,180129,59
7/27/2016,180198,59
7/27/2016,180199,59
7/27/2016,180202,59
7/27/2016,180203,59
7/27/2016,180204,59
7/27/2016,180205,59
7/27/2016,180206,59
7/27/2016,180207,59
7/27/2016,180208,59
7/27/2016,180209,59
7/27/2016,180210,59
7/27/2016,180211,59
7/27/2016,180212,59
7/27/2016,180213,59
7/27/2016,180214,59
7/27/2016,180215,59
7/27/2016,180217,59
7/26/2016,179303,59
7/26/2016,179304,59
7/26/2016,179305,59
7/26/2016,179306,59
7/26/2016,179307,59
7/26/2016,179308,59
7/26/2016,179309,59
7/26/2016,179310,59
7/26/2016,179311,59
7/26/2016,179312,59
7/26/2016,179313,59
7/26/2016,179314,59
7/26/2016,179315,59
7/26/2016,179316,59
7/26/2016,179317,59
7/26/2016,179318,59
7/26/2016,179319,59
7/26/2016,179479,59
7/26/2016,179480,59
7/26/2016,179482,59
7/26/2016,179483,59
7/26/2016,179485,59
7/26/2016,179486,59
7/26/2016,179549,59
7/26/2016,179553,59
7/26/2016,179554,59
7/26/2016,179555,59
7/26/2016,179556,59
7/26/2016,179557,59
7/26/2016,179558,59
7/26/2016,179559,59
7/26/2016,179560,59
7/26/2016,179561,59
7/26/2016,179562,59
7/25/2016,178741,59
7/25/2016,178743,59
7/25/2016,178744,59
7/25/2016,178745,59
7/25/2016,178747,59
7/25/2016,178748,59
7/25/2016,178749,59
7/25/2016,178750,59
7/25/2016,178751,59
7/25/2016,178752,59
7/25/2016,178753,59
7/25/2016,178754,59
7/25/2016,178755,59
7/25/2016,178756,59
7/25/2016,178757,59
7/25/2016,178758,59
7/25/2016,178759,59
7/25/2016,178760,59
7/25/2016,178829,59
7/25/2016,178830,59
7/25/2016,178831,59
7/25/2016,178832,59
7/25/2016,178833,59
7/25/2016,178834,59
7/25/2016,178839,59
7/25/2016,178840,59
7/25/2016,178841,59
7/25/2016,178937,59
7/25/2016,178939,59
7/25/2016,178940,59
7/25/2016,178941,59
7/25/2016,178942,59
7/25/2016,178943,59
7/25/2016,178945,59
7/25/2016,178948,59
7/25/2016,178951,59
7/22/2016,178019,59
7/22/2016,178021,59
7/22/2016,178026,59
7/22/2016,178027,59
7/22/2016,178028,59
7/22/2016,178029,59
7/22/2016,178032,59
7/22/2016,178033,59
7/22/2016,178034,59
7/22/2016,178172,59
7/22/2016,178174,59
7/22/2016,178176,59
7/22/2016,178177,59
7/22/2016,178188,59
7/22/2016,178190,59
7/22/2016,178191,59
7/22/2016,178270,59
7/22/2016,178271,59
7/22/2016,178272,59
7/22/2016,178273,59
7/22/2016,178274,59
7/22/2016,178275,59
7/22/2016,178276,59
7/22/2016,178277,59
7/22/2016,178278,59
7/22/2016,178279,59
7/22/2016,178280,59
7/22/2016,178281,59
7/22/2016,178282,59
7/22/2016,178284,59
7/22/2016,178285,59
7/22/2016,178287,59
7/22/2016,178288,59
7/21/2016,177308,59
7/21/2016,177583,59
7/21/2016,177584,59
7/21/2016,177585,59
7/21/2016,177586,59
7/21/2016,177587,59
7/21/2016,177588,59
7/21/2016,177625,59
7/21/2016,177626,59
7/21/2016,177627,59
7/21/2016,177628,59
7/21/2016,177629,59
7/21/2016,177630,59
7/21/2016,177631,59
7/21/2016,177632,59
7/21/2016,177633,59
7/21/2016,177634,59
7/21/2016,177635,59
7/21/2016,177636,59
7/21/2016,177838,59
7/21/2016,177839,59
7/21/2016,177840,59
7/21/2016,177841,59
7/21/2016,177842,59
7/21/2016,177843,59
7/21/2016,177844,59
7/21/2016,177845,59
7/21/2016,177846,59
7/21/2016,177847,59
7/21/2016,177848,59
7/21/2016,177849,59
7/21/2016,177852,59
7/21/2016,177853,59
7/21/2016,177854,59
7/20/2016,176629,59
7/20/2016,176630,59
7/20/2016,176631,59
7/20/2016,176632,59
7/20/2016,176633,59
7/20/2016,176634,59
7/20/2016,176635,59
7/20/2016,176636,59
7/20/2016,176637,59
7/20/2016,176638,59
7/20/2016,176639,59
7/20/2016,176640,59
7/20/2016,176641,59
7/20/2016,176642,59
7/20/2016,176808,59
7/20/2016,176809,59
7/20/2016,176810,59
7/20/2016,176811,59
7/20/2016,176812,59
7/20/2016,176813,59
7/20/2016,176814,59
7/20/2016,176815,59
7/20/2016,176816,59
7/20/2016,176817,59
7/19/2016,176022,59
7/19/2016,176023,59
7/19/2016,176024,59
7/19/2016,176025,59
7/19/2016,176026,59
7/19/2016,176027,59
7/19/2016,176028,59
7/19/2016,176029,59
7/19/2016,176030,59
7/19/2016,176031,59
7/19/2016,176032,59
7/19/2016,176111,59
7/19/2016,176112,59
7/19/2016,176113,59
7/19/2016,176114,59
7/19/2016,176115,59
7/19/2016,176116,59
7/19/2016,176117,59
7/19/2016,176454,59
7/19/2016,176455,59
7/19/2016,176456,59
7/19/2016,176457,59
7/19/2016,176458,59
7/19/2016,176459,59
7/19/2016,176460,59
7/19/2016,176461,59
7/19/2016,176462,59
7/19/2016,176463,59
7/19/2016,176464,59
7/19/2016,176465,59
7/19/2016,176466,59
7/19/2016,176467,59
7/19/2016,176468,59
7/19/2016,176469,59
7/19/2016,176470,59
7/19/2016,176471,59
7/18/2016,175507,59
7/18/2016,175508,59
7/18/2016,175509,59
7/18/2016,175510,59
7/18/2016,175511,59
7/18/2016,175512,59
7/18/2016,175513,59
7/18/2016,175514,59
7/18/2016,175515,59
7/18/2016,175516,59
7/18/2016,175709,59
7/18/2016,175710,59
7/18/2016,175711,59
7/18/2016,175713,59
7/18/2016,175714,59
7/18/2016,175715,59
7/18/2016,175716,59
7/18/2016,175717,59
7/18/2016,175718,59
7/18/2016,175719,59
7/18/2016,175720,59
7/18/2016,175726,59
7/18/2016,175727,59
7/18/2016,175728,59
7/18/2016,175729,59
7/18/2016,175730,59
7/18/2016,175731,59
7/15/2016,175032,59
7/15/2016,175033,59
7/15/2016,175034,59
7/15/2016,175035,59
7/15/2016,175036,59
7/15/2016,175037,59
7/15/2016,175038,59
7/15/2016,175039,59
7/15/2016,175040,59
7/15/2016,175041,59
7/15/2016,175042,59
7/15/2016,175043,59
7/15/2016,175044,59
7/15/2016,175045,59
7/15/2016,175046,59
7/15/2016,175047,59
7/14/2016,174422,59
7/14/2016,174423,59
7/14/2016,174424,59
7/14/2016,174425,59
7/14/2016,174426,59
7/14/2016,174427,59
7/14/2016,174428,59
7/14/2016,174429,59
7/14/2016,174430,59
7/14/2016,174773,59
7/14/2016,174774,59
7/14/2016,174775,59
7/14/2016,174776,59
7/14/2016,174777,59
7/14/2016,174778,59
7/14/2016,174779,59
7/14/2016,174780,59
7/14/2016,174781,59
7/14/2016,174782,59
7/14/2016,174783,59
7/14/2016,174784,59
7/14/2016,174785,59
7/14/2016,174786,59
7/14/2016,174787,59
7/14/2016,174788,59
7/14/2016,174789,59
7/14/2016,174790,59
7/13/2016,174247,59
7/13/2016,174248,59
7/13/2016,174254,59
7/13/2016,174255,59
7/13/2016,174256,59
7/13/2016,174257,59
7/13/2016,174258,59
7/13/2016,174259,59
7/13/2016,174260,59
7/13/2016,174261,59
7/13/2016,174262,59
7/13/2016,174263,59
7/13/2016,174264,59
7/13/2016,174265,59
7/13/2016,174266,59
7/13/2016,174267,59
7/13/2016,174268,59
7/13/2016,174269,59
7/13/2016,174272,59
7/13/2016,174273,59
7/13/2016,174274,59
7/13/2016,174275,59
7/13/2016,174276,59
7/13/2016,174277,59
7/13/2016,174278,59
7/12/2016,173359,59
7/12/2016,173360,59
7/12/2016,173361,59
7/12/2016,173362,59
7/12/2016,173363,59
7/12/2016,173364,59
7/12/2016,173365,59
7/12/2016,173366,59
7/12/2016,173367,59
7/12/2016,173490,59
7/12/2016,173491,59
7/12/2016,173492,59
7/12/2016,173493,59
7/12/2016,173494,59
7/12/2016,173495,59
7/12/2016,173496,59
7/12/2016,173497,59
7/12/2016,173498,59
7/12/2016,173499,59
7/12/2016,173500,59
7/12/2016,173501,59
7/12/2016,173502,59
7/12/2016,173503,59
7/12/2016,173679,59
7/12/2016,173680,59
7/12/2016,173681,59
7/12/2016,173682,59
7/12/2016,173683,59
7/12/2016,173684,59
7/12/2016,173685,59
7/12/2016,173686,59
7/12/2016,173687,59
7/12/2016,173688,59
7/12/2016,173689,59
7/12/2016,173690,59
7/12/2016,173691,59
7/12/2016,173692,59
7/12/2016,173693,59
7/12/2016,173694,59
7/12/2016,173695,59
7/12/2016,173696,59
7/12/2016,173794,59
7/12/2016,173795,59
7/12/2016,173796,59
7/12/2016,173797,59
7/12/2016,173798,59
7/12/2016,173799,59
7/12/2016,173800,59
7/12/2016,173801,59
7/12/2016,173802,59
7/12/2016,173803,59
7/12/2016,173804,59
7/12/2016,173805,59
7/12/2016,173806,59
7/12/2016,173808,59
6/23/2016,167164,107
6/23/2016,167165,107
6/23/2016,167166,107
6/23/2016,167167,107
6/23/2016,167195,107
6/23/2016,167196,107
6/23/2016,167197,107
6/23/2016,167198,107
6/23/2016,167229,107
6/23/2016,167230,107
6/23/2016,167231,107
6/23/2016,167232,107
6/23/2016,167254,107
6/23/2016,167255,107
6/23/2016,167256,107
6/23/2016,167257,107
6/23/2016,167282,107
6/23/2016,167289,107
6/23/2016,167307,107
6/23/2016,167309,107
6/23/2016,167379,107
6/23/2016,167393,107
6/23/2016,167394,107
6/23/2016,167395,107
6/23/2016,167402,107
6/23/2016,167403,107
6/23/2016,167448,107
6/23/2016,167450,107
6/23/2016,167478,107
6/23/2016,167479,107
6/23/2016,167480,107
6/23/2016,167481,107
6/23/2016,167539,107
6/23/2016,167543,107
6/23/2016,167588,107
6/23/2016,167590,107
6/23/2016,167593,107
6/23/2016,167594,107
6/23/2016,167610,107
6/23/2016,167611,107
6/23/2016,167612,107
6/23/2016,167613,107
6/23/2016,167614,107
6/23/2016,167615,107
6/23/2016,167617,107
6/17/2016,164218,107
6/17/2016,164220,107
6/17/2016,164221,107
6/17/2016,164222,107
6/17/2016,164252,107
6/17/2016,164253,107
6/17/2016,164254,107
6/17/2016,164255,107
6/17/2016,164278,107
6/17/2016,164279,107
6/17/2016,164280,107
6/17/2016,164282,107
6/17/2016,164314,107
6/17/2016,164315,107
6/17/2016,164316,107
6/17/2016,164317,107
6/17/2016,164318,107
6/17/2016,164319,107
6/17/2016,164347,107
6/17/2016,164348,107
6/17/2016,164349,107
6/17/2016,164350,107
6/17/2016,164441,107
6/17/2016,164442,107
6/17/2016,164445,107
6/17/2016,164446,107
6/17/2016,164447,107
6/17/2016,164464,107
6/17/2016,164465,107
6/17/2016,164466,107
6/17/2016,164467,107
6/17/2016,164468,107
6/17/2016,164498,107
6/17/2016,164499,107
6/17/2016,164500,107
6/17/2016,164501,107
6/17/2016,164508,107
6/17/2016,164509,107
6/17/2016,164510,107
6/17/2016,164542,107
6/17/2016,164543,107
6/13/2016,161257,107
6/13/2016,161258,107
6/13/2016,161259,107
6/13/2016,161260,107
6/13/2016,161301,107
6/13/2016,161303,107
6/13/2016,161304,107
6/13/2016,161305,107
6/13/2016,161314,107
6/13/2016,161315,107
6/13/2016,161316,107
6/13/2016,161317,107
6/13/2016,161431,107
6/13/2016,161433,107
6/13/2016,161434,107
6/13/2016,161435,107
6/13/2016,161436,107
6/13/2016,161437,107
6/13/2016,161438,107
6/13/2016,161439,107
6/13/2016,161471,107
6/13/2016,161472,107
6/13/2016,161510,107
6/13/2016,161511,107
6/13/2016,161536,107
6/13/2016,161538,107
6/13/2016,161540,107
6/13/2016,161541,107
6/13/2016,161577,107
6/13/2016,161578,107
6/13/2016,161619,107
6/13/2016,161621,107
6/13/2016,161622,107
6/13/2016,161680,107
6/13/2016,161681,107
6/13/2016,161682,107
6/13/2016,161683,107
6/13/2016,161684,107
6/13/2016,161685,107
6/13/2016,161686,107
6/13/2016,161687,107
6/13/2016,161688,107
6/13/2016,161711,107
6/13/2016,161716,107
6/13/2016,161717,107
6/9/2016,160059,107
6/9/2016,160060,107
6/9/2016,160061,107
6/9/2016,160062,107
6/9/2016,160079,107
6/9/2016,160080,107
6/9/2016,160081,107
6/9/2016,160082,107
6/9/2016,160115,107
6/9/2016,160117,107
6/9/2016,160118,107
6/9/2016,160196,107
6/9/2016,160197,107
6/9/2016,160362,107
6/9/2016,160363,107
6/9/2016,160364,107
6/9/2016,160365,107
6/9/2016,160372,107
6/9/2016,160373,107
6/9/2016,160417,107
6/9/2016,160462,107
6/9/2016,160464,107
6/9/2016,160466,107
6/9/2016,160467,107
6/9/2016,160468,107
6/9/2016,160506,107
6/9/2016,160507,107
6/9/2016,160508,107
6/9/2016,160509,107
6/9/2016,160510,107
6/9/2016,160511,107
6/9/2016,160515,107
6/9/2016,160516,107
5/23/2016,152338,107
5/23/2016,152339,107
5/23/2016,152340,107
5/23/2016,152341,107
5/23/2016,152342,107
5/23/2016,152343,107
5/23/2016,152405,107
5/23/2016,152406,107
5/23/2016,152407,107
5/23/2016,152408,107
5/23/2016,152467,107
5/23/2016,152468,107
5/23/2016,152469,107
5/23/2016,152470,107
5/23/2016,152488,107
5/23/2016,152489,107
5/23/2016,152490,107
5/23/2016,152491,107
5/23/2016,152505,107
5/23/2016,152537,107
5/23/2016,152538,107
5/23/2016,152539,107
5/23/2016,152540,107
5/23/2016,152606,107
5/23/2016,152607,107
5/23/2016,152608,107
5/23/2016,152609,107
5/23/2016,152663,107
5/23/2016,152664,107
5/23/2016,152716,107
5/23/2016,152717,107
5/23/2016,152718,107
5/23/2016,152719,107
5/23/2016,152731,107
5/23/2016,152732,107
5/23/2016,152733,107
5/23/2016,152734,107
5/23/2016,152794,107
5/23/2016,152795,107
5/23/2016,152796,107
5/23/2016,152797,107
5/23/2016,152798,107
5/23/2016,152799,107
5/23/2016,152800,107
5/23/2016,152801,107
5/18/2016,150313,107
5/18/2016,150314,107
5/18/2016,150315,107
5/18/2016,150316,107
5/18/2016,150317,107
5/18/2016,150318,107
5/18/2016,150319,107
5/18/2016,150320,107
5/18/2016,150321,107
5/18/2016,150322,107
5/18/2016,150327,107
5/18/2016,150328,107
5/18/2016,150329,107
5/18/2016,150330,107
5/18/2016,150583,107
5/18/2016,150584,107
5/18/2016,150585,107
5/18/2016,150586,107
5/18/2016,150626,107
5/18/2016,150627,107
5/18/2016,150631,107
5/18/2016,150633,107
5/18/2016,150681,107
5/18/2016,150682,107
5/18/2016,150683,107
5/18/2016,150685,107
5/18/2016,150701,107
5/18/2016,150702,107
5/18/2016,150703,107
5/18/2016,150705,107
5/18/2016,150736,107
5/18/2016,150737,107
5/18/2016,150738,107
5/18/2016,150739,107
5/18/2016,150750,107
5/18/2016,150779,107
5/18/2016,150781,107
5/18/2016,150823,107
5/18/2016,150824,107
5/18/2016,150832,107
5/18/2016,150833,107
5/18/2016,150834,107
5/18/2016,150835,107
5/11/2016,147297,107
5/11/2016,147298,107
5/11/2016,147311,107
5/11/2016,147321,107
5/11/2016,147349,107
5/11/2016,147350,107
5/11/2016,147352,107
5/11/2016,147353,107
5/11/2016,147360,107
5/11/2016,147361,107
5/11/2016,147367,107
5/11/2016,147368,107
5/11/2016,147376,107
5/11/2016,147377,107
5/11/2016,147395,107
5/11/2016,147396,107
5/11/2016,147431,107
5/11/2016,147470,107
5/11/2016,147506,107
5/11/2016,147592,107
5/11/2016,147593,107
5/11/2016,147606,107
5/11/2016,147607,107
5/11/2016,147623,107
5/11/2016,147626,107
5/11/2016,147648,107
5/11/2016,147649,107
5/11/2016,147687,107
5/11/2016,147688,107
5/11/2016,147697,107
5/11/2016,147715,107
5/11/2016,147716,107
5/11/2016,147720,107
5/11/2016,147721,107
5/11/2016,147832,107
5/11/2016,147834,107
5/11/2016,147840,107
5/11/2016,147841,107
4/27/2016,139726,107
4/27/2016,139727,107
4/27/2016,139728,107
4/27/2016,139729,107
4/27/2016,139734,107
4/27/2016,139888,107
4/27/2016,139889,107
4/27/2016,139890,107
4/27/2016,139891,107
4/27/2016,139892,107
4/27/2016,139948,107
4/27/2016,139950,107
4/27/2016,139951,107
4/27/2016,139952,107
4/27/2016,139953,107
4/27/2016,140006,107
4/27/2016,140010,107
4/27/2016,140011,107
4/27/2016,140045,107
4/27/2016,140046,107
4/27/2016,140124,107
4/27/2016,140125,107
4/27/2016,140126,107
4/27/2016,140127,107
4/27/2016,140128,107
4/27/2016,140129,107
4/27/2016,140130,107
4/27/2016,140131,107
4/27/2016,140132,107
4/27/2016,140134,107
4/27/2016,140155,107
4/27/2016,140193,107
4/27/2016,140221,107
4/27/2016,140241,107
4/27/2016,140305,107
4/27/2016,140315,107
4/27/2016,140316,107
4/27/2016,140317,107
4/27/2016,140320,107
4/27/2016,140415,107
4/27/2016,140416,107
4/27/2016,140425,107
4/27/2016,140428,107
4/27/2016,140450,107
4/27/2016,140527,107
4/27/2016,140528,107
4/27/2016,140531,107
4/27/2016,140532,107
4/27/2016,140533,107
4/27/2016,140534,107
4/27/2016,140542,107
4/27/2016,140543,107
4/25/2016,138145,107
4/25/2016,138147,107
4/25/2016,138167,107
4/25/2016,138168,107
4/25/2016,138182,107
4/25/2016,138185,107
4/25/2016,138228,107
4/25/2016,138229,107
4/25/2016,138235,107
4/25/2016,138236,107
4/25/2016,138258,107
4/25/2016,138259,107
4/25/2016,138280,107
4/25/2016,138281,107
4/25/2016,138289,107
4/25/2016,138290,107
4/25/2016,138297,107
4/25/2016,138298,107
4/25/2016,138316,107
4/25/2016,138317,107
4/25/2016,138559,107
4/25/2016,138565,107
4/25/2016,138596,107
4/25/2016,138607,107
4/25/2016,138608,107
4/20/2016,136033,107
4/20/2016,136053,107
4/20/2016,136058,107
4/20/2016,136075,107
4/20/2016,136076,107
4/20/2016,136088,107
4/20/2016,136090,107
4/20/2016,136149,107
4/20/2016,136150,107
4/20/2016,136151,107
4/20/2016,136152,107
4/20/2016,136250,107
4/20/2016,136251,107
4/20/2016,136260,107
4/20/2016,136261,107
4/20/2016,136262,107
4/20/2016,136263,107
4/20/2016,136332,107
4/20/2016,136333,107
4/20/2016,136334,107
4/20/2016,136335,107
4/20/2016,136346,107
4/20/2016,136347,107
4/20/2016,136358,107
4/20/2016,136359,107
4/20/2016,136488,107
4/20/2016,136489,107
4/20/2016,136495,107
4/20/2016,136497,107
4/20/2016,136509,107
4/20/2016,136519,107
4/20/2016,136522,107
4/20/2016,136523,107
4/20/2016,136526,107
4/20/2016,136527,107
4/20/2016,136548,107
4/20/2016,136553,107
4/20/2016,136559,107
4/20/2016,136562,107
4/20/2016,136569,107
4/20/2016,136570,107
4/19/2016,135366,107
4/19/2016,135367,107
4/19/2016,135368,107
4/19/2016,135369,107
4/19/2016,135370,107
4/19/2016,135371,107
4/19/2016,135372,107
4/19/2016,135373,107
4/19/2016,135374,107
4/19/2016,135376,107
4/19/2016,135619,107
4/19/2016,135623,107
4/19/2016,135629,107
4/19/2016,135797,107
4/19/2016,135801,107
4/19/2016,135803,107
4/19/2016,135806,107
4/19/2016,135810,107
4/19/2016,135811,107
4/19/2016,135812,107
4/19/2016,135844,107
4/19/2016,135847,107
4/19/2016,135850,107
4/19/2016,135851,107
4/19/2016,135852,107
4/19/2016,135853,107
4/13/2016,132633,101
4/13/2016,132636,101
4/13/2016,132639,101
4/13/2016,132642,101
4/13/2016,132645,101
4/13/2016,132650,101
4/13/2016,132661,101
4/13/2016,132667,101
4/13/2016,132675,101
4/13/2016,132678,101
4/13/2016,132683,101
4/13/2016,132684,101
4/13/2016,132685,101
4/13/2016,132686,101
4/13/2016,132689,101
4/13/2016,132690,101
4/13/2016,132691,101
4/13/2016,132692,101
4/13/2016,132862,101
4/13/2016,132863,101
4/13/2016,132864,101
4/13/2016,132865,101
4/13/2016,132868,101
4/13/2016,132871,101
4/13/2016,132873,101
4/13/2016,132875,101
4/13/2016,132879,101
4/13/2016,132881,101
4/13/2016,132883,101
4/13/2016,132889,101
4/13/2016,132893,101
4/13/2016,132895,101
4/13/2016,132896,101
4/13/2016,132897,101
4/13/2016,132898,101
4/13/2016,132899,101
4/13/2016,133063,101
4/13/2016,133064,101
4/13/2016,133065,101
4/13/2016,133066,101
4/12/2016,131889,101
4/12/2016,131899,101
4/12/2016,131901,101
4/12/2016,131902,101
4/12/2016,131903,101
4/12/2016,131905,101
4/12/2016,131906,101
4/12/2016,131907,101
4/12/2016,131910,101
4/12/2016,131911,101
4/12/2016,131912,101
4/12/2016,131969,101
4/12/2016,131970,101
4/12/2016,131996,101
4/12/2016,131997,101
4/12/2016,131999,101
4/12/2016,132000,101
4/12/2016,132192,101
4/12/2016,132193,101
4/12/2016,132194,101
4/12/2016,132197,101
4/12/2016,132198,101
4/12/2016,132211,101
4/12/2016,132212,101
4/12/2016,132274,101
4/12/2016,132280,101
4/11/2016,131322,101
4/11/2016,131323,101
4/11/2016,131324,101
4/11/2016,131325,101
4/11/2016,131335,101
4/11/2016,131337,101
4/11/2016,131339,101
4/11/2016,131341,101
4/11/2016,131342,101
4/11/2016,131343,101
4/11/2016,131344,101
4/11/2016,131346,101
4/11/2016,131470,101
4/11/2016,131471,101
4/11/2016,131472,101
4/11/2016,131473,101
4/11/2016,131474,101
4/11/2016,131543,101
4/11/2016,131551,101
4/11/2016,131553,101
4/11/2016,131554,101
4/11/2016,131555,101
4/11/2016,131556,101
4/11/2016,131557,101
4/11/2016,131558,101
4/11/2016,131559,101
4/11/2016,131560,101
4/11/2016,131562,101
4/11/2016,131564,101
4/11/2016,131599,101
4/11/2016,131600,101
4/11/2016,131601,101
4/11/2016,131602,101
4/11/2016,131603,101
4/11/2016,131604,101
3/23/2016,122680,69
3/23/2016,122681,69
3/23/2016,122682,69
3/23/2016,122683,69
3/23/2016,122694,69
3/23/2016,122695,69
3/23/2016,122696,69
3/23/2016,122697,69
3/23/2016,122698,69
3/23/2016,122701,69
3/23/2016,122745,69
3/23/2016,122746,69
3/23/2016,122747,69
3/23/2016,122748,69
3/23/2016,122749,69
3/23/2016,122750,69
3/23/2016,122751,69
3/23/2016,122752,69
3/23/2016,122753,69
3/23/2016,122754,69
3/23/2016,122921,69
3/23/2016,122922,69
3/23/2016,122923,69
3/23/2016,122924,69
3/23/2016,122925,69
3/23/2016,122926,69
3/23/2016,122927,69
3/23/2016,122981,69
3/23/2016,122982,69
3/23/2016,122983,69
3/23/2016,122984,69
3/23/2016,122987,69
3/23/2016,122990,69
3/23/2016,122993,69
3/23/2016,122995,69
3/23/2016,123105,69
3/23/2016,123106,69
3/23/2016,123107,69
3/23/2016,123110,69
3/23/2016,123113,69
3/23/2016,123115,69
3/16/2016,120493,69
3/16/2016,120494,69
3/16/2016,120495,69
3/16/2016,120496,69
3/16/2016,120498,69
3/16/2016,120499,69
3/16/2016,120519,69
3/16/2016,120520,69
3/16/2016,120521,69
3/16/2016,120527,69
3/16/2016,120621,69
3/16/2016,120622,69
3/16/2016,120623,69
3/16/2016,120624,69
3/16/2016,120625,69
3/16/2016,120626,69
3/16/2016,120627,69
3/16/2016,120632,69
3/16/2016,120669,69
3/16/2016,120670,69
3/16/2016,120671,69
3/16/2016,120672,69
3/16/2016,120675,69
3/16/2016,120817,69
3/16/2016,120818,69
3/16/2016,120819,69
3/16/2016,120820,69
3/16/2016,120821,69
3/16/2016,120822,69
3/16/2016,120824,69
3/16/2016,120825,69
3/16/2016,120827,69
3/16/2016,120934,69
3/16/2016,120935,69
3/16/2016,120936,69
3/16/2016,120937,69
3/16/2016,120938,69
3/16/2016,120939,69
3/16/2016,120940,69
3/16/2016,120942,69
3/16/2016,120954,69
3/16/2016,120955,69
3/16/2016,120956,69
3/16/2016,120957,69
3/16/2016,120958,69
3/16/2016,120966,69
3/16/2016,120973,69
3/16/2016,120980,69
3/9/2016,116187,69
3/9/2016,116188,69
3/9/2016,116189,69
3/9/2016,116190,69
3/9/2016,116191,69
3/9/2016,116192,69
3/9/2016,116193,69
3/9/2016,116194,69
3/9/2016,116417,69
3/9/2016,116418,69
3/9/2016,116419,69
3/9/2016,116420,69
3/9/2016,116421,69
3/9/2016,116422,69
3/9/2016,116423,69
3/9/2016,116424,69
3/9/2016,116425,69
3/9/2016,116427,69
3/9/2016,116548,69
3/9/2016,116549,69
3/9/2016,116550,69
3/9/2016,116551,69
3/9/2016,116552,69
3/9/2016,116553,69
3/9/2016,116554,69
3/9/2016,116555,69
3/9/2016,116565,69
3/9/2016,116567,69
3/9/2016,116570,69
3/9/2016,116573,69
3/9/2016,116689,69
3/9/2016,116690,69
3/9/2016,116692,69
3/9/2016,116693,69
3/9/2016,116696,69
3/9/2016,116698,69
3/9/2016,116785,69
3/9/2016,116786,69
3/9/2016,116802,69
3/9/2016,116803,69
3/9/2016,116809,69
3/9/2016,116811,69
3/9/2016,116813,69
3/9/2016,116816,69
3/9/2016,116935,69
3/9/2016,116936,69
3/9/2016,116937,69
3/9/2016,116938,69
3/9/2016,117190,69
3/9/2016,117192,69
3/9/2016,117201,69
3/9/2016,117203,69
3/9/2016,117205,69
3/9/2016,117209,69
3/2/2016,113237,69
3/2/2016,113238,69
3/2/2016,113239,69
3/2/2016,113243,69
3/2/2016,113245,69
3/2/2016,113248,69
3/2/2016,113249,69
3/2/2016,113250,69
3/2/2016,113251,69
3/2/2016,113252,69
3/2/2016,113533,69
3/2/2016,113534,69
3/2/2016,113535,69
3/2/2016,113536,69
3/2/2016,113537,69
3/2/2016,113538,69
3/2/2016,113540,69
3/2/2016,113542,69
3/2/2016,113544,69
3/2/2016,113693,69
3/2/2016,113694,69
3/2/2016,113695,69
3/2/2016,113696,69
3/2/2016,113697,69
3/2/2016,113698,69
3/2/2016,113759,69
3/2/2016,113760,69
3/1/2016,112457,69
3/1/2016,112459,69
3/1/2016,112460,69
3/1/2016,112461,69
3/1/2016,112462,69
3/1/2016,112463,69
3/1/2016,112464,69
3/1/2016,112501,69
3/1/2016,112502,69
3/1/2016,112614,69
3/1/2016,112615,69
3/1/2016,112616,69
3/1/2016,112617,69
3/1/2016,112618,69
3/1/2016,112619,69
3/1/2016,112727,69
3/1/2016,112728,69
3/1/2016,112730,69
3/1/2016,112731,69
3/1/2016,112732,69
3/1/2016,112733,69
3/1/2016,112734,69
3/1/2016,112735,69
3/1/2016,112777,69
3/1/2016,112779,69
3/1/2016,112877,69
3/1/2016,112879,69
3/1/2016,112881,69
3/1/2016,112882,69
3/1/2016,112883,69
3/1/2016,112884,69
3/1/2016,112886,69
3/1/2016,112887,69
3/1/2016,112923,69
3/1/2016,112924,69
3/1/2016,112952,69
3/1/2016,112953,69
3/1/2016,112954,69
3/1/2016,112955,69
3/1/2016,112956,69
3/1/2016,112957,69
3/1/2016,112958,69
2/18/2016,107898,59
2/18/2016,107919,59
2/18/2016,107920,59
2/18/2016,107921,59
2/18/2016,107922,59
2/15/2016,106430,59
2/15/2016,106431,59
2/15/2016,106432,59
2/15/2016,106433,59
2/15/2016,106434,59
2/15/2016,106435,59
2/15/2016,106436,59
2/15/2016,106437,59
2/15/2016,106438,59
2/15/2016,106439,59
2/15/2016,106440,59
2/15/2016,106441,59
2/15/2016,106442,59
2/15/2016,106443,59
2/15/2016,106446,59
2/11/2016,105311,59
2/11/2016,105312,59
2/11/2016,105313,59
2/11/2016,105314,59
2/11/2016,105315,59
2/11/2016,105316,59
2/11/2016,105317,59
2/11/2016,105318,59
2/11/2016,105319,59
2/11/2016,105320,59
2/11/2016,105321,59
2/11/2016,105322,59
2/11/2016,105323,59
2/11/2016,105324,59
2/11/2016,105325,59
2/11/2016,105326,59
2/11/2016,105327,59
2/11/2016,105328,59
2/11/2016,105329,59
2/11/2016,105330,59
2/11/2016,105331,59
2/11/2016,105332,59
2/11/2016,105333,59
2/11/2016,105334,59
2/11/2016,105335,59
2/11/2016,105336,59
2/11/2016,105337,59
2/11/2016,105339,59
2/1/2016,100517,59
2/1/2016,100518,59
2/1/2016,100519,59
2/1/2016,100520,59
2/1/2016,100521,59
2/1/2016,100522,59
2/1/2016,100523,59
2/1/2016,100524,59
2/1/2016,100525,59
2/1/2016,100526,59
2/1/2016,100527,59
2/1/2016,100528,59
2/1/2016,100683,59
2/1/2016,100711,59
2/1/2016,100720,59
2/1/2016,100734,59
2/1/2016,100735,59
2/1/2016,100736,59
2/1/2016,100737,59
2/1/2016,100738,59
2/1/2016,100739,59
2/1/2016,100740,59
2/1/2016,100741,59
2/1/2016,100742,59
2/1/2016,100743,59
2/1/2016,100744,59
2/1/2016,100745,59
2/1/2016,100746,59
2/1/2016,100747,59
2/1/2016,100748,59
1/29/2016,99939,59
1/29/2016,99940,59
1/29/2016,99941,59
1/29/2016,99942,59
1/29/2016,99943,59
1/29/2016,99944,59
1/29/2016,99945,59
1/29/2016,99946,59
1/29/2016,99947,59
1/29/2016,99948,59
1/29/2016,99949,59
1/29/2016,100148,59
1/29/2016,100221,59
1/29/2016,100222,59
1/29/2016,100223,59
1/29/2016,100239,59
1/29/2016,100241,59
1/29/2016,100243,59
1/29/2016,100244,59
1/29/2016,100245,59
1/29/2016,100246,59
1/28/2016,99387,59
1/28/2016,99388,59
1/28/2016,99389,59
1/28/2016,99390,59
1/28/2016,99391,59
1/28/2016,99552,59
1/28/2016,99576,59
1/28/2016,99578,59
1/28/2016,99579,59
1/28/2016,99580,59
1/28/2016,99581,59
1/28/2016,99582,59
1/28/2016,99583,59
1/28/2016,99584,59
1/28/2016,99585,59
1/28/2016,99690,59
1/28/2016,99691,59
1/28/2016,99692,59
1/28/2016,99693,59
1/28/2016,99694,59
1/28/2016,99695,59
1/28/2016,99696,59
1/28/2016,99697,59
1/28/2016,99698,59
1/28/2016,99699,59
1/28/2016,99700,59
1/28/2016,99701,59
1/28/2016,99702,59
1/28/2016,99703,59
1/28/2016,99704,59
1/28/2016,99705,59
1/28/2016,99706,59
1/28/2016,99707,59
1/28/2016,99708,59
1/28/2016,99709,59
1/27/2016,99036,79
1/27/2016,99037,79
1/27/2016,99038,79
1/27/2016,99039,79
1/27/2016,99090,79
1/27/2016,99091,79
1/27/2016,99092,79
1/27/2016,99201,79
1/27/2016,99202,79
1/27/2016,99203,79
1/26/2016,98525,79
1/26/2016,98530,79
1/26/2016,98531,79
1/26/2016,98532,79
1/26/2016,98533,79
1/26/2016,98534,79
1/26/2016,98612,79
1/26/2016,98753,79
1/26/2016,98754,79
1/26/2016,98755,79
1/26/2016,98756,79
1/26/2016,98757,79
1/26/2016,98758,79
1/26/2016,98759,79
1/26/2016,98765,79
1/26/2016,98766,79
1/26/2016,98767,79
1/26/2016,98768,79
1/26/2016,98769,79
1/22/2016,97766,59
1/22/2016,97767,59
1/22/2016,97768,59
1/22/2016,97769,59
1/22/2016,97770,59
1/22/2016,97771,59
1/22/2016,97772,59
1/22/2016,97773,59
1/22/2016,98027,59
1/22/2016,98028,59
1/22/2016,98029,59
1/22/2016,98030,59
1/22/2016,98031,59
1/22/2016,98032,59
1/22/2016,98033,59
1/22/2016,98034,59
1/22/2016,98035,59
1/22/2016,98036,59
1/22/2016,98039,59
1/22/2016,98051,59
1/22/2016,98052,59
1/22/2016,98053,59
1/22/2016,98054,59
1/22/2016,98055,59
1/22/2016,98056,59
1/22/2016,98057,59
1/22/2016,98058,59
1/22/2016,98059,59
1/22/2016,98060,59
1/22/2016,98061,59
1/21/2016,97531,59
1/21/2016,97532,59
1/21/2016,97533,59
1/21/2016,97534,59
1/21/2016,97535,59
1/21/2016,97536,59
1/21/2016,97537,59
1/21/2016,97538,59
1/21/2016,97539,59
1/21/2016,97540,59
1/21/2016,97541,59
1/21/2016,97542,59
1/21/2016,97543,59
1/21/2016,97544,59
1/19/2016,95503,59
1/19/2016,95506,59
1/19/2016,95509,59
1/19/2016,95512,59
1/19/2016,95515,59
1/19/2016,95522,59
1/19/2016,95525,59
1/19/2016,95529,59
1/19/2016,95532,59
1/19/2016,95537,59
1/19/2016,95544,59
1/19/2016,95549,59
1/19/2016,95552,59
1/19/2016,95557,59
1/19/2016,95562,59
1/19/2016,95567,59
1/19/2016,95571,59
1/19/2016,95574,59
1/19/2016,95578,59
1/19/2016,95582,59
1/19/2016,95586,59
1/19/2016,95590,59
1/19/2016,95593,59
1/19/2016,95764,59
1/19/2016,95767,59
1/19/2016,95770,59
1/19/2016,95774,59
1/19/2016,95777,59
1/19/2016,95802,59
1/19/2016,95805,59
1/19/2016,95808,59
1/19/2016,95811,59
1/19/2016,95814,59
1/19/2016,95815,59
1/19/2016,95823,59
1/19/2016,95826,59
1/19/2016,95829,59
1/19/2016,95836,59
1/19/2016,95839,59
1/19/2016,95842,59
1/19/2016,95845,59
1/19/2016,95851,59
1/19/2016,96206,59
1/19/2016,96210,59
1/19/2016,96220,59
1/19/2016,96226,59
1/19/2016,96230,59
1/19/2016,96234,59
1/18/2016,95230,59
1/18/2016,95231,59
1/18/2016,95232,59
1/18/2016,95233,59
1/18/2016,95234,59
1/18/2016,95235,59
1/18/2016,95236,59
1/18/2016,95237,59
1/18/2016,95238,59
1/18/2016,95239,59
1/18/2016,95240,59
1/18/2016,95241,59
1/18/2016,95242,59
1/18/2016,95243,59
1/18/2016,95244,59
1/18/2016,95245,59
1/18/2016,95246,59
1/18/2016,95247,59
1/15/2016,94287,59
1/15/2016,94302,59
1/15/2016,94303,59
1/15/2016,94305,59
1/15/2016,94306,59
1/15/2016,94307,59
1/15/2016,94308,59
1/15/2016,94310,59
1/15/2016,94312,59
1/15/2016,94313,59
1/15/2016,94315,59
1/15/2016,94316,59
1/15/2016,94317,59
1/15/2016,94319,59
1/15/2016,94320,59
1/15/2016,94321,59
1/15/2016,94754,59
1/15/2016,94755,59
1/15/2016,94756,59
1/15/2016,94757,59
1/15/2016,94758,59
1/15/2016,94759,59
1/15/2016,94760,59
1/15/2016,94761,59
1/15/2016,94763,59
1/14/2016,93556,59
1/14/2016,93557,59
1/14/2016,93558,59
1/14/2016,93559,59
1/14/2016,93560,59
1/14/2016,93561,59
1/14/2016,93562,59
1/14/2016,93563,59
1/14/2016,93564,59
1/14/2016,93565,59
1/14/2016,93566,59
1/14/2016,93567,59
1/14/2016,93568,59
1/14/2016,93569,59
1/14/2016,93570,59
1/14/2016,93571,59
1/14/2016,93899,59
1/14/2016,93909,59
1/14/2016,93910,59
1/14/2016,93911,59
1/14/2016,93912,59
1/14/2016,93913,59
1/14/2016,93914,59
1/14/2016,93915,59
1/14/2016,93916,59
1/14/2016,93917,59
1/14/2016,93918,59
1/14/2016,93919,59
1/14/2016,93920,59
1/14/2016,93921,59
1/14/2016,93922,59
1/14/2016,93923,59
1/14/2016,93924,59
1/14/2016,93925,59
1/12/2016,92035,59
1/12/2016,92060,59
1/12/2016,92065,59
1/12/2016,92069,59
1/12/2016,92085,59
1/12/2016,92092,59
1/12/2016,92097,59
1/12/2016,92170,59
1/12/2016,92177,59
1/12/2016,92183,59
1/12/2016,92221,59
1/12/2016,92341,59
1/12/2016,92348,59
1/12/2016,92472,59
1/12/2016,92525,59
1/11/2016,91438,59
1/11/2016,91447,59
1/11/2016,91452,59
1/11/2016,91457,59
1/11/2016,91461,59
1/11/2016,91470,59
1/11/2016,91480,59
1/11/2016,91487,59
1/11/2016,91504,59
1/11/2016,91510,59
1/11/2016,91519,59
1/11/2016,91587,59
1/11/2016,91597,59
1/11/2016,91601,59
1/11/2016,91605,59
1/11/2016,91610,59
1/11/2016,91616,59
1/11/2016,91621,59
1/11/2016,91622,59
1/11/2016,91632,59
1/11/2016,91637,59
1/11/2016,91642,59
1/11/2016,91647,59
1/11/2016,91652,59
1/11/2016,91656,59
1/11/2016,91661,59
1/7/2016,89779,59
1/7/2016,89780,59
1/7/2016,89782,59
1/7/2016,89783,59
1/7/2016,89784,59
1/7/2016,89785,59
1/7/2016,89788,59
1/7/2016,89789,59
1/7/2016,89790,59
1/7/2016,89791,59
1/7/2016,89792,59
1/7/2016,89793,59
1/7/2016,89794,59
1/7/2016,89795,59
1/7/2016,89796,59
1/7/2016,89797,59
1/7/2016,89798,59
1/7/2016,89799,59
1/7/2016,89800,59
1/7/2016,89801,59
1/7/2016,89802,59
1/7/2016,89803,59
1/7/2016,89804,59
1/7/2016,89805,59
1/7/2016,89806,59
1/7/2016,89807,59
1/7/2016,89808,59
1/7/2016,89809,59
1/7/2016,89810,59
1/7/2016,89811,59
1/7/2016,90025,59
1/7/2016,90026,59
1/7/2016,90027,59
1/7/2016,90028,59
1/7/2016,90029,59
1/7/2016,90030,59
1/7/2016,90031,59
1/7/2016,90036,59
1/7/2016,90037,59
1/7/2016,90038,59
1/7/2016,90039,59
1/4/2016,87416,59
1/4/2016,87420,59
1/4/2016,87424,59
1/4/2016,87428,59
1/4/2016,87432,59
1/4/2016,87438,59
1/4/2016,87442,59
1/4/2016,87446,59
1/4/2016,87454,59
1/4/2016,87458,59
1/4/2016,87462,59
1/4/2016,87466,59
1/4/2016,87470,59
1/4/2016,87474,59
1/4/2016,87478,59
1/4/2016,87482,59
1/4/2016,87490,59
1/4/2016,87496,59
1/4/2016,87508,59
1/4/2016,87512,59
1/4/2016,87522,59
1/4/2016,87526,59
1/4/2016,87530,59
1/4/2016,87534,59
1/4/2016,87538,59
1/4/2016,87542,59
1/4/2016,87546,59
1/4/2016,87868,59
1/4/2016,87869,59
1/4/2016,87870,59
1/4/2016,87871,59
1/4/2016,87872,59
1/4/2016,87873,59
1/4/2016,87874,59
1/4/2016,87875,59
1/4/2016,87876,59
1/4/2016,87877,59
1/4/2016,87878,59
1/4/2016,87968,59
1/4/2016,87973,59